[
  {
    "id": "/subscriptions/fbfd83fb-9d50-44e6-8a80-22a2089764f4/resourceGroups/rtttt/providers/Microsoft.Resources/deployments/ComputerVisionCreate-20251130200420/operations/BDFC3A4E65B1B78E",
    "operationId": "BDFC3A4E65B1B78E",
    "properties": {
      "provisioningOperation": "Create",
      "provisioningState": "Succeeded",
      "timestamp": "2025-11-30T19:05:55.5258075Z",
      "duration": "PT3.345461S",
      "trackingId": "53f96c67-4c5a-422d-8b49-bfec40c77383",
      "statusCode": "Created",
      "targetResource": {
        "id": "/subscriptions/fbfd83fb-9d50-44e6-8a80-22a2089764f4/resourceGroups/rtttt/providers/Microsoft.CognitiveServices/accounts/3445556",
        "resourceType": "Microsoft.CognitiveServices/accounts",
        "resourceName": "3445556"
      }
    }
  },
  {
    "id": "/subscriptions/fbfd83fb-9d50-44e6-8a80-22a2089764f4/resourceGroups/rtttt/providers/Microsoft.Resources/deployments/ComputerVisionCreate-20251130200420/operations/08584370773309076798",
    "operationId": "08584370773309076798",
    "properties": {
      "provisioningOperation": "EvaluateDeploymentOutput",
      "provisioningState": "Succeeded",
      "timestamp": "2025-11-30T19:05:55.5258075Z",
      "duration": "PT3.4392547S",
      "trackingId": "f2950f3c-9f30-4abb-a7e9-4521d1c86aa1",
      "statusCode": "OK"
    }
  }
]