{
  "id": "/subscriptions/fbfd83fb-9d50-44e6-8a80-22a2089764f4/resourceGroups/rtttt/providers/Microsoft.Resources/deployments/ComputerVisionCreate-20251130200420",
  "name": "ComputerVisionCreate-20251130200420",
  "type": "Microsoft.Resources/deployments",
  "properties": {
    "templateHash": "9588250173301212504",
    "parameters": {
      "name": {
        "type": "String",
        "value": "3445556"
      },
      "location": {
        "type": "String",
        "value": "northeurope"
      },
      "resourceGroupName": {
        "type": "String",
        "value": "rtttt"
      },
      "resourceGroupId": {
        "type": "String",
        "value": "/subscriptions/fbfd83fb-9d50-44e6-8a80-22a2089764f4/resourceGroups/rtttt"
      },
      "sku": {
        "type": "String",
        "value": "F0"
      },
      "tagValues": {
        "type": "Object",
        "value": {}
      },
      "virtualNetworkType": {
        "type": "String",
        "value": "None"
      },
      "vnet": {
        "type": "Object",
        "value": {}
      },
      "ipRules": {
        "type": "Array",
        "value": []
      },
      "identity": {
        "type": "Object",
        "value": {
          "type": "None"
        }
      },
      "privateEndpoints": {
        "type": "Array",
        "value": []
      },
      "privateDnsZone": {
        "type": "String",
        "value": "privatelink.cognitiveservices.azure.com"
      },
      "isCommitmentPlanForDisconnectedContainerEnabled": {
        "type": "Bool",
        "value": false
      },
      "commitmentPlanForDisconnectedContainer": {
        "type": "Object",
        "value": {
          "current": {},
          "hostingModel": "DisconnectedContainer",
          "planType": "Read",
          "autoRenew": true
        }
      },
      "uniqueId": {
        "type": "String",
        "value": "7b61b8b8-3b1f-41b4-a6b1-f2aafe409efb"
      }
    },
    "mode": "Incremental",
    "debugSetting": {
      "detailLevel": "None"
    },
    "provisioningState": "Succeeded",
    "timestamp": "2025-11-30T19:05:58.9962952Z",
    "duration": "PT4.4388255S",
    "correlationId": "5279e47d-edf6-4b95-87e1-225db3e07122",
    "providers": [
      {
        "namespace": "Microsoft.CognitiveServices",
        "resourceTypes": [
          {
            "resourceType": "accounts",
            "locations": [
              "northeurope"
            ]
          }
        ]
      }
    ],
    "dependencies": [],
    "outputResources": [
      {
        "id": "/subscriptions/fbfd83fb-9d50-44e6-8a80-22a2089764f4/resourceGroups/rtttt/providers/Microsoft.CognitiveServices/accounts/3445556"
      }
    ],
    "validationLevel": "Template"
  },
  "tags": {
    "marketplaceItemId": "Microsoft.CognitiveServicesComputerVision"
  }
}